Country,Code,Population,GDP per Capita,Total medals,Continent,Total gold,Total silver,Total bronze,Medals per capita,Total medal val,Avg medal val
United States,USA,3.21E+08,56115.71843,3605,NAm,1638,1120,847,1.12E-05,8001,2.219417476
Australia,AUS,2.38E+07,56310.96299,1155,OC,304,386,465,4.86E-05,2149,1.860606061
Germany,GER,8.14E+07,41313.31399,1152,EU,415,341,396,1.42E-05,2323,2.016493056
Italy,ITA,6.08E+07,29957.80432,1039,EU,323,331,385,1.71E-05,2016,1.940327238
Russia,RUS,1.44E+08,9092.580536,1031,EU,333,328,370,7.15E-06,2025,1.964112512
Canada,CAN,3.59E+07,43248.52991,969,NAm,350,349,270,2.70E-05,2018,2.08255934
China,CHN,1.37E+09,8027.68381,889,AS,306,326,257,6.48E-07,1827,2.05511811
Hungary,HUN,9.84E+06,12363.54346,848,EU,320,240,288,8.61E-05,1728,2.037735849
France,FRA,6.68E+07,36205.5681,823,EU,249,225,349,1.23E-05,1546,1.878493317
United Kingdom,GBR,6.51E+07,43875.96961,806,EU,217,254,335,1.24E-05,1494,1.853598015
Japan,JPN,1.27E+08,32477.21514,787,AS,209,265,313,6.20E-06,1470,1.867852605
Sweden,SWE,9.80E+06,50579.67365,754,EU,194,286,274,7.69E-05,1428,1.893899204
Netherlands,NED,1.69E+07,44299.76809,690,EU,214,243,233,4.07E-05,1361,1.972463768
"Korea, South",KOR,5.06E+07,27221.52405,614,AS,209,230,175,1.21E-05,1262,2.055374593
Norway,NOR,5.20E+06,74400.36978,587,EU,214,216,157,0.000112973,1231,2.097103918
Finland,FIN,5.48E+06,42311.03623,544,EU,91,156,297,9.92E-05,882,1.621323529
Poland,POL,3.80E+07,12554.54755,486,EU,109,169,208,1.28E-05,873,1.796296296
Brazil,BRA,2.08E+08,8538.589975,412,SA,72,172,168,1.98E-06,728,1.766990291
Spain,ESP,4.64E+07,25831.58231,411,EU,94,200,117,8.85E-06,799,1.944038929
Cuba,CUB,1.14E+07,56495.85,397,NAm,160,124,113,3.49E-05,841,2.118387909
Switzerland,SUI,8.29E+06,80945.07922,375,EU,79,136,160,4.53E-05,669,1.784
Bulgaria,BUL,7.18E+06,6993.47736,339,EU,54,145,140,4.72E-05,592,1.746312684
Austria,AUT,8.61E+06,43774.98517,307,EU,83,110,114,3.57E-05,583,1.899022801
Denmark,DEN,5.68E+06,51989.29347,237,EU,99,60,78,4.18E-05,495,2.088607595
Argentina,ARG,4.34E+07,13431.87834,189,SA,49,61,79,4.35E-06,348,1.841269841
New Zealand,NZL,4.60E+06,37807.96728,185,OC,83,29,73,4.03E-05,380,2.054054054
Ukraine,UKR,4.52E+07,2114.954716,184,EU,46,43,95,4.07E-06,319,1.733695652
Czech Republic,CZE,1.06E+07,17548.33821,131,EU,42,34,55,1.24E-05,249,1.900763359
Belarus,BLR,9.51E+06,5740.456495,128,EU,23,41,64,1.35E-05,215,1.6796875
Croatia,CRO,4.22E+06,11535.82936,125,EU,50,40,35,2.96E-05,265,2.12
Jamaica,JAM,2.73E+06,5232.024583,124,NAm,30,47,47,4.55E-05,231,1.862903226
Pakistan,PAK,1.89E+08,1434.696665,121,AS,42,45,34,6.40E-07,250,2.066115702
India,IND,1.31E+09,1598.259034,117,AS,63,16,38,8.92E-08,259,2.213675214
Kenya,KEN,4.61E+07,1376.712829,93,AF,28,35,30,2.02E-06,184,1.978494624
Nigeria,NGR,1.82E+08,2640.290739,84,AF,19,38,27,4.61E-07,160,1.904761905
Greece,GRE,1.08E+07,18002.23058,84,EU,22,34,28,7.76E-06,162,1.928571429
Mexico,MEX,1.27E+08,9005.024265,79,NAm,28,20,31,6.22E-07,155,1.962025316
Turkey,TUR,7.87E+07,9125.68759,72,AS,31,21,20,9.15E-07,155,2.152777778
Belgium,BEL,1.13E+07,40324.02777,66,EU,12,26,28,5.85E-06,116,1.757575758
Iran,IRI,7.91E+07,4669.57,60,AS,16,21,23,7.58E-07,113,1.883333333
"Korea, North",PRK,2.52E+07,1217,60,AS,14,13,33,2.39E-06,101,1.683333333
South Africa,RSA,5.50E+07,5723.973357,57,AF,15,21,21,1.04E-06,108,1.894736842
Kazakhstan,KAZ,1.75E+07,10509.98107,56,AS,13,20,23,3.19E-06,102,1.821428571
Lithuania,LTU,2.91E+06,14147.04938,55,EU,6,5,44,1.89E-05,72,1.309090909
Ethiopia,ETH,9.94E+07,619.1694065,45,AF,21,8,16,4.53E-07,95,2.111111111
Taiwan,TPE,2.39E+07,32679,44,AS,3,27,14,1.84E-06,77,1.75
Slovenia,SLO,2.06E+06,20726.53989,44,EU,7,11,26,2.13E-05,69,1.568181818
Slovakia,SVK,5.42E+06,16088.27759,39,EU,12,14,13,7.19E-06,77,1.974358974
Indonesia,INA,2.58E+08,3346.487039,38,AS,9,16,13,1.48E-07,72,1.894736842
Chile,CHI,1.79E+07,13416.23004,32,SA,3,8,21,1.78E-06,46,1.4375
Latvia,LAT,1.98E+06,13648.54756,32,EU,3,17,12,1.62E-05,55,1.71875
Uruguay,URU,3.43E+06,15573.90092,28,SA,0,1,27,8.16E-06,29,1.035714286
Ireland,IRL,4.64E+06,61133.67243,27,EU,6,9,12,5.82E-06,48,1.777777778
Bahamas,BAH,3.88E+05,22817.23086,27,NAm,13,9,5,6.96E-05,62,2.296296296
Azerbaijan,AZE,9.65E+06,5496.34464,26,AS,6,5,15,2.69E-06,43,1.653846154
Thailand,THA,6.80E+07,5814.769764,25,AS,7,6,12,3.68E-07,45,1.8
Georgia,GEO,3.68E+06,3795.973308,25,AS,6,5,14,6.80E-06,42,1.68
Mongolia,MGL,2.96E+06,3967.829386,24,AS,2,9,13,8.11E-06,37,1.541666667
Cameroon,CMR,2.33E+07,1217.26067,23,AF,20,1,2,9.85E-07,64,2.782608696
Zimbabwe,ZIM,1.56E+07,924.1438193,23,AF,18,4,1,1.47E-06,63,2.739130435
Morocco,MAR,3.44E+07,2878.201342,22,AF,6,5,11,6.40E-07,39,1.772727273
Portugal,POR,1.03E+07,19222.15008,22,EU,4,9,9,2.13E-06,39,1.772727273
Uzbekistan,UZB,3.13E+07,2132.070368,21,AS,6,5,10,6.71E-07,38,1.80952381
Estonia,EST,1.31E+06,17118.5042,21,EU,7,6,8,1.60E-05,41,1.952380952
Colombia,COL,4.82E+07,6056.147717,19,SA,2,6,11,3.94E-07,29,1.526315789
Trinidad and Tobago,TRI,1.36E+06,17321.88468,19,NAm,1,7,11,1.40E-05,28,1.473684211
Paraguay,PAR,6.64E+06,4080.951448,17,SA,0,17,0,2.56E-06,34,2
Iceland,ISL,3.31E+05,50173.33992,17,EU,0,15,2,5.14E-05,32,1.882352941
Ghana,GHA,2.74E+07,1369.701122,16,AF,0,1,15,5.84E-07,17,1.0625
Algeria,ALG,3.97E+07,4206.031232,15,AF,5,2,8,3.78E-07,27,1.8
Egypt,EGY,9.15E+07,3614.746766,14,AF,1,6,7,1.53E-07,22,1.571428571
Peru,PER,3.14E+07,6027.125855,14,SA,0,14,0,4.46E-07,28,2
Serbia,SCG,7.10E+06,5235.142207,14,EU,0,14,0,1.97E-06,28,2
Venezuela,VEN,3.11E+07,7985,12,SA,2,2,8,3.86E-07,18,1.5
Armenia,ARM,3.02E+06,3489.12769,11,AS,1,2,8,3.65E-06,15,1.363636364
Tunisia,TUN,1.11E+07,3872.512084,10,AF,4,2,4,9.00E-07,20,2
Liechtenstein,LIE,3.75E+04,197504.55,9,EU,2,2,5,0.000239802,15,1.666666667
Malaysia,MAS,3.03E+07,9768.32686,8,AS,0,4,4,2.64E-07,12,1.5
Uganda,UGA,3.90E+07,705.2925695,7,AF,2,3,2,1.79E-07,14,2
Israel,ISR,8.38E+06,35728.0935,7,AS,1,1,5,8.35E-07,10,1.428571429
Puerto Rico*,PUR,3.47E+06,35208.64,7,NAm,0,2,5,2.01E-06,9,1.285714286
Saudi Arabia,KSA,3.15E+07,20481.74532,6,AS,0,1,5,1.90E-07,7,1.166666667
Dominican Republic,DOM,1.05E+07,6468.473492,6,NAm,3,2,1,5.70E-07,14,2.333333333
Moldova,MDA,3.55E+06,1848.061804,6,EU,0,3,3,1.69E-06,9,1.5
Philippines,PHI,1.01E+08,2904.202082,4,AS,0,2,2,3.97E-08,6,1.5
Hong Kong*,HKG,7.31E+06,42327.83996,4,AS,1,2,1,5.48E-07,8,2
Lebanon,LIB,5.85E+06,8047.645086,4,EU,0,2,2,6.84E-07,6,1.5
Singapore,SIN,5.54E+06,52888.74467,4,AS,0,4,0,7.23E-07,8,2
Costa Rica,CRC,4.81E+06,11260.09216,4,NAm,1,1,2,8.32E-07,7,1.75
Namibia,NAM,2.46E+06,4673.567248,4,AF,0,4,0,1.63E-06,8,2
Qatar,QAT,2.24E+06,73653.39443,4,AS,0,0,4,1.79E-06,4,1
Syria,SYR,1.85E+07,420.62,3,AS,1,1,1,1.62E-07,6,2
Tajikistan,TJK,8.48E+06,925.9118877,3,AS,0,1,2,3.54E-07,4,1.333333333
Kyrgyzstan,KGZ,5.96E+06,1103.215352,3,AS,0,1,2,5.04E-07,4,1.333333333
Luxembourg,LUX,5.70E+05,101449.9682,3,EU,1,2,0,5.27E-06,7,2.333333333
Vietnam,VIE,9.17E+07,2111.138024,2,AS,0,2,0,2.18E-08,4,2
Tanzania,TAN,5.35E+07,878.9751055,2,OC,0,2,0,3.74E-08,4,2
Afghanistan,AFG,3.25E+07,594.3230812,2,AS,0,0,2,6.15E-08,2,1
Mozambique,MOZ,2.80E+07,529.2425561,2,AF,1,0,1,7.15E-08,4,2
Zambia,ZAM,1.62E+07,1304.879014,2,AF,0,1,1,1.23E-07,3,1.5
Ecuador,ECU,1.61E+07,6205.064145,2,SA,1,1,0,1.24E-07,5,2.5
Kuwait,KUW,3.89E+06,29300.57558,2,AS,0,0,2,5.14E-07,2,1
Suriname,SUR,5.43E+05,9485.319244,2,SA,1,0,1,3.68E-06,4,2
Sudan,SUD,4.02E+07,2414.723601,1,AF,0,1,0,2.49E-08,2,2
Iraq,IRQ,3.64E+07,4943.760388,1,AS,0,0,1,2.75E-08,1,1
Cote d'Ivoire,CIV,2.27E+07,1398.989958,1,AF,0,1,0,4.40E-08,2,2
Sri Lanka,SRI,2.10E+07,3926.174396,1,AS,0,1,0,4.77E-08,2,2
Niger,NIG,1.99E+07,358.958152,1,AF,0,0,1,5.03E-08,1,1
Guatemala,GUA,1.63E+07,3903.478856,1,NAm,0,1,0,6.12E-08,2,2
Senegal,SEN,1.51E+07,899.5798795,1,AF,0,1,0,6.61E-08,2,2
Burundi,BDI,1.12E+07,277.0683092,1,AF,1,0,0,8.95E-08,3,3
United Arab Emirates,UAE,9.16E+06,40438.76293,1,AS,1,0,0,1.09E-07,3,3
Togo,TOG,7.30E+06,559.6358767,1,AF,0,0,1,1.37E-07,1,1
Eritrea,ERI,6.21E+06,1835,1,AF,0,0,1,1.61E-07,1,1
Panama,PAN,3.93E+06,13268.11375,1,NAm,1,0,0,2.55E-07,3,3
Botswana,BOT,2.26E+06,6360.13822,1,AF,0,1,0,4.42E-07,2,2
Macedonia,MKD,2.08E+06,4852.657848,1,EU,0,0,1,4.81E-07,1,1
Gabon,GAB,1.73E+06,8266.445605,1,AF,0,1,0,5.80E-07,2,2
Bahrain,BRN,1.38E+06,22600.2141,1,AS,0,0,1,7.26E-07,1,1
Mauritius,MRI,1.26E+06,9252.110724,1,AF,0,0,1,7.92E-07,1,1
Cyprus,CYP,1.17E+06,23242.84007,1,AS,0,1,0,8.58E-07,2,2
Djibouti,DJI,8.88E+05,1945.124293,1,AF,0,0,1,1.13E-06,1,1
Guyana,GUY,7.67E+05,4127.351018,1,SA,0,0,1,1.30E-06,1,1
Barbados,BAR,2.84E+05,15429.34046,1,NAm,0,0,1,3.52E-06,1,1
Grenada,GRN,1.07E+05,9212.020352,1,NAm,1,0,0,9.36E-06,3,3
Tonga,TGA,1.06E+05,4098.543929,1,AF,0,1,0,9.42E-06,2,2
Bermuda*,BER,6.52E+04,118774.79,1,NAm,0,0,1,1.53E-05,1,1
Bangladesh,BAN,1.61E+08,1211.701531,0,AS,0,0,0,0,0,0
"Congo, Dem Rep",COD,7.73E+07,456.0527405,0,AF,0,0,0,0,0,0
Burma,MYA,5.39E+07,1161.488158,0,AS,0,0,0,0,0,0
Nepal,NEP,2.85E+07,743.3229657,0,AF,0,0,0,0,0,0
Yemen,YEM,2.68E+07,1406.291651,0,AS,0,0,0,0,0,0
Angola,ANG,2.50E+07,4101.472152,0,AF,0,0,0,0,0,0
Madagascar,MAD,2.42E+07,401.836006,0,AF,0,0,0,0,0,0
Romania,ROM,1.98E+07,8972.922518,0,EU,0,0,0,0,0,0
Burkina Faso,BUR,1.81E+07,589.7744141,0,AF,0,0,0,0,0,0
Mali,MLI,1.76E+07,724.2562832,0,AF,0,0,0,0,0,0
Malawi,MAW,1.72E+07,371.9857478,0,AS,0,0,0,0,0,0
Cambodia,CAM,1.56E+07,1158.689904,0,AS,0,0,0,0,0,0
Chad,CHA,1.40E+07,775.6950905,0,AF,0,0,0,0,0,0
Guinea,GUI,1.26E+07,531.3205952,0,AF,0,0,0,0,0,0
Rwanda,RWA,1.16E+07,697.3482281,0,AF,0,0,0,0,0,0
Benin,BEN,1.09E+07,762.0512054,0,AF,0,0,0,0,0,0
Somalia,SOM,1.08E+07,549.2669766,0,AF,0,0,0,0,0,0
Bolivia,BOL,1.07E+07,3076.791811,0,SA,0,0,0,0,0,0
Haiti,HAI,1.07E+07,818.3432976,0,NAm,0,0,0,0,0,0
Honduras,HON,8.08E+06,2528.89355,0,NAm,0,0,0,0,0,0
Jordan,JOR,7.59E+06,4940.045836,0,AS,0,0,0,0,0,0
Laos,LAO,6.80E+06,1818.441373,0,AS,0,0,0,0,0,0
Sierra Leone,SLE,6.45E+06,653.1318159,0,AF,0,0,0,0,0,0
El Salvador,ESA,6.13E+06,4219.35033,0,NAm,0,0,0,0,0,0
Nicaragua,NCA,6.08E+06,2086.895003,0,NAm,0,0,0,0,0,0
Turkmenistan,TKM,5.37E+06,6672.477544,0,AS,0,0,0,0,0,0
Central African Republic,CAF,4.90E+06,323.201674,0,AF,0,0,0,0,0,0
Congo,CGO,4.62E+06,1851.199916,0,AF,0,0,0,0,0,0
Liberia,LBR,4.50E+06,455.8739345,0,AF,0,0,0,0,0,0
Oman,OMA,4.49E+06,15550.67625,0,AS,0,0,0,0,0,0
Bosnia and Herzegovina,BIH,3.81E+06,4249.330313,0,EU,0,0,0,0,0,0
Albania,ALB,2.89E+06,3945.217582,0,EU,0,0,0,0,0,0
Lesotho,LES,2.14E+06,1066.985626,0,AF,0,0,0,0,0,0
Gambia,GAM,1.99E+06,471.5371955,0,AF,0,0,0,0,0,0
Guinea-Bissau,GBS,1.84E+06,572.9884285,0,AF,0,0,0,0,0,0
Swaziland,SWZ,1.29E+06,3200.143018,0,AF,0,0,0,0,0,0
East Timor (Timor-Leste),TLS,1.25E+06,1157.992956,0,AS,0,0,0,0,0,0
Fiji,FIJ,8.92E+05,4960.519954,0,AS,0,0,0,0,0,0
Equatorial Guinea,GEQ,8.45E+05,14439.59445,0,AF,0,0,0,0,0,0
Comoros,COM,7.88E+05,717.44885,0,AF,0,0,0,0,0,0
Bhutan,BHU,7.75E+05,2655.998892,0,AS,0,0,0,0,0,0
Solomon Islands,SOL,5.84E+05,1934.856293,0,OC,0,0,0,0,0,0
Cape Verde,CPV,5.21E+05,3080.178814,0,AF,0,0,0,0,0,0
Malta,MLT,4.31E+05,22596.18177,0,EU,0,0,0,0,0,0
Brunei,BRU,4.23E+05,30554.72967,0,AS,0,0,0,0,0,0
Maldives,MDV,4.09E+05,8395.785198,0,AS,0,0,0,0,0,0
Belize,BIZ,3.59E+05,4878.721267,0,NAm,0,0,0,0,0,0
Vanuatu,VAN,2.65E+05,2805.314644,0,OC,0,0,0,0,0,0
Samoa,SAM,1.93E+05,3938.548846,0,OC,0,0,0,0,0,0
Sao Tome and Principe,STP,1.90E+05,1669.063268,0,AF,0,0,0,0,0,0
Saint Lucia,LCA,1.85E+05,7735.910484,0,NAm,0,0,0,0,0,0
Saint Vincent and the Grenadines,VIN,1.09E+05,6739.174833,0,NAm,0,0,0,0,0,0
Micronesia,FSM,1.04E+05,3015.231668,0,OC,0,0,0,0,0,0
Seychelles,SEY,9.29E+04,15476.01944,0,AF,0,0,0,0,0,0
Antigua and Barbuda,ANT,9.18E+04,13714.73196,0,NAm,0,0,0,0,0,0
Dominica,DMA,7.27E+04,7116.386392,0,NAm,0,0,0,0,0,0
Saint Kitts and Nevis,SKN,5.56E+04,15771.9455,0,NAm,0,0,0,0,0,0
Palau,PLW,2.13E+04,13498.66141,0,OC,0,0,0,0,0,0
Nauru,NRU,1.02E+04,9827.544281,0,OC,0,0,0,0,0,0